SequenceNumber,RequestTime,ReplyTime,RequestSourceIP,RequestDestIP,ReplySourceIP,ReplyDestIP,ReplyTTLexpiredIP,TTL,Download/Upload/Idle
10524,11:16:45.362693,11:16:45.393503,10.194.35.21,61.246.223.11,10.254.239.1,10.194.35.21,10.254.239.1,2,download
10526,11:16:45.377704,11:16:45.392947,10.194.35.21,61.246.223.11,10.194.32.13,10.194.35.21,10.194.32.13,1,download
10527,11:16:55.357955,11:16:55.360074,10.194.35.21,61.246.223.11,10.194.32.13,10.194.35.21,10.194.32.13,1,upload
10528,11:16:55.36882,11:16:55.377965,10.194.35.21,61.246.223.11,10.255.107.3,10.194.35.21,10.255.107.3,3,upload
10525,11:16:45.364765,11:16:45.393977,10.194.35.21,61.246.223.11,10.255.107.3,10.194.35.21,10.255.107.3,3,download
10529,11:16:55.375103,11:16:55.38426,10.194.35.21,61.246.223.11,10.254.239.1,10.194.35.21,10.254.239.1,2,upload
10530,11:17:05.363507,11:17:05.402809,10.194.35.21,61.246.223.11,10.194.32.13,10.194.35.21,10.194.32.13,1,idle
10531,11:17:05.373783,11:17:05.403552,10.194.35.21,61.246.223.11,10.255.107.3,10.194.35.21,10.255.107.3,3,idle
10532,11:17:05.382732,11:17:05.403552,10.194.35.21,61.246.223.11,10.254.239.1,10.194.35.21,10.254.239.1,2,idle
