SequenceNumber,RequestTime,ReplyTime,RequestSourceIP,RequestDestIP,ReplySourceIP,ReplyDestIP,ReplyTTLexpiredIP,TTL
10413,10:46:00.950056,10:46:00.960343,10.194.35.21,34.131.115.191,10.194.32.13,10.194.35.21,10.194.32.13,1
10414,10:46:10.959324,10:46:10.996816,10.194.35.21,34.131.115.191,10.194.32.13,10.194.35.21,10.194.32.13,1
10415,10:46:10.960058,10:46:10.996816,10.194.35.21,34.131.115.191,10.255.107.3,10.194.35.21,10.255.107.3,3
10416,10:46:10.961651,10:46:10.996816,10.194.35.21,34.131.115.191,10.254.239.1,10.194.35.21,10.254.239.1,2
10419,10:46:20.991587,10:46:20.998866,10.194.35.21,34.131.115.191,10.254.239.1,10.194.35.21,10.254.239.1,2
10411,10:46:00.933843,10:46:00.936776,10.194.35.21,34.131.115.191,10.254.239.1,10.194.35.21,10.254.239.1,2
10412,10:46:00.945921,10:46:00.950579,10.194.35.21,34.131.115.191,10.255.107.3,10.194.35.21,10.255.107.3,3
10417,10:46:20.959944,10:46:20.961554,10.194.35.21,34.131.115.191,10.194.32.13,10.194.35.21,10.194.32.13,1
10418,10:46:20.959944,10:46:20.962404,10.194.35.21,34.131.115.191,10.255.107.3,10.194.35.21,10.255.107.3,3
